Date,Close,Dividend,Cls_Div
2000-12-05,11.75,0.0,11.75
2001-01-31,11.0,300.0,311.0
2001-04-12,11.2,0.0,311.2
2001-06-06,11.5,0.0,311.5
2001-06-12,11.51,0.0,311.51
2001-06-26,11.55,0.0,311.55
2001-07-11,12.0,0.0,312.0
2001-08-05,12.6,0.0,312.6
2001-10-22,12.51,0.0,312.51
2001-12-05,21.9,0.0,321.9
2001-12-20,14.0,0.0,314.0
2002-01-17,20.0,0.0,320.0
2002-07-08,3393.5,300.0,3993.5
2002-10-09,2702.17,0.0,3302.17
2003-02-12,2461.6,0.0,3061.6
2003-06-10,1790.52,0.0,2390.52
2003-06-19,2675.16,0.0,3275.16
2003-07-31,1760.52,0.0,2360.52
2003-08-12,1756.68,0.0,2356.6800000000003
2003-08-13,1754.4,0.0,2354.4
2003-09-03,1482.0,0.0,2082.0
2003-10-02,1486.0,0.0,2086.0
2003-10-13,1472.11,0.0,2072.1099999999997
2004-03-16,2789.4,314.8,3704.2
2004-03-31,2900.0,0.0,3814.8
2004-04-01,2800.0,0.0,3714.8
2004-04-08,2700.0,0.0,3614.8
2004-05-11,2057.7,0.0,2972.5
2004-05-20,1909.74,0.0,2824.54
2004-09-01,2849.49,0.0,3764.29
2005-04-28,3751.2,104.02,4770.0199999999995
2005-06-23,3460.0,0.0,4478.82
2005-07-17,4500.0,0.0,5518.82
2005-08-04,6000.0,0.0,7018.82
2005-08-08,6300.0,0.0,7318.82
2005-08-09,5000.0,0.0,6018.82
2005-09-12,7000.0,0.0,8018.82
2005-12-06,7500.0,0.0,8518.82
2005-12-20,9000.0,0.0,10018.82
2005-12-22,7000.0,0.0,8018.82
2006-01-22,9750.0,0.0,10768.82
2006-01-25,10575.0,0.0,11593.82
2006-01-29,15000.0,0.0,16018.82
2006-02-02,18000.0,0.0,19018.82
2006-02-06,21000.0,0.0,22018.82
2006-02-08,20000.0,0.0,21018.82
2006-02-09,18500.0,0.0,19518.82
2006-02-28,17000.0,300.0,18318.82
2006-03-16,18900.0,0.0,20218.82
2006-03-27,19200.0,0.0,20518.82
2006-03-29,19000.0,0.0,20318.82
2006-04-03,18000.0,0.0,19318.82
2006-04-04,17000.0,0.0,18318.82
2006-04-06,19000.0,0.0,20318.82
2006-04-09,19000.0,0.0,20318.82
2006-04-13,19000.0,0.0,20318.82
2006-04-16,19000.01,0.0,20318.829999999998
2006-04-17,19000.0,0.0,20318.82
2006-04-19,21000.0,0.0,22318.82
2006-04-26,21000.0,0.0,22318.82
2006-05-10,20250.0,0.0,21568.82
2006-05-28,16500.0,0.0,17818.82
2006-05-31,13000.0,0.0,14318.82
2006-06-04,11500.0,0.0,12818.82
2006-06-05,11500.0,0.0,12818.82
2006-06-20,12000.0,0.0,13318.82
2006-06-21,11800.0,0.0,13118.82
2006-07-25,11000.01,0.0,12318.83
2006-07-26,11000.01,0.0,12318.83
2006-07-31,11000.01,0.0,12318.83
2006-08-17,15000.0,0.0,16318.82
2006-08-21,15000.0,0.0,16318.82
2006-09-04,11001.0,0.0,12319.82
2006-09-05,11001.0,0.0,12319.82
2006-09-25,11000.0,0.0,12318.82
2006-09-28,10005.0,0.0,11323.82
2006-10-05,9000.0,0.0,10318.82
2006-10-08,9120.0,0.0,10438.82
2006-11-12,9100.0,0.0,10418.82
2006-11-15,9000.0,0.0,10318.82
2006-11-21,9000.0,0.0,10318.82
2006-11-22,8950.0,0.0,10268.82
2006-11-28,9500.0,0.0,10818.82
2006-12-03,9500.0,0.0,10818.82
2006-12-04,10000.0,0.0,11318.82
2006-12-10,9500.0,0.0,10818.82
2006-12-14,10500.01,0.0,11818.83
2006-12-20,10200.0,0.0,11518.82
2006-12-24,11000.0,0.0,12318.82
2006-12-25,11000.0,0.0,12318.82
2006-12-26,11000.0,0.0,12318.82
2006-12-27,11000.0,0.0,12318.82
2007-01-03,12000.0,0.0,13318.82
2007-01-04,12001.0,0.0,13319.82
2007-01-09,12150.0,244.79,13713.61
2007-01-10,12500.0,0.0,14063.61
2007-01-18,12200.0,0.0,13763.61
2007-01-22,12200.0,0.0,13763.61
2007-01-28,12599.99,0.0,14163.6
2007-01-29,12500.0,0.0,14063.61
2007-01-30,12380.0,0.0,13943.61
2007-01-31,13500.0,0.0,15063.61
2007-02-01,17500.0,0.0,19063.61
2007-02-04,18050.0,0.0,19613.61
2007-02-05,17010.0,0.0,18573.61
2007-02-06,17050.0,0.0,18613.61
2007-02-07,17999.0,0.0,19562.61
2007-02-08,16999.99,0.0,18563.600000000002
2007-02-11,19200.0,0.0,20763.61
2007-02-12,20000.0,0.0,21563.61
2007-02-13,25000.0,0.0,26563.61
2007-02-14,25000.0,0.0,26563.61
2007-02-15,25000.0,0.0,26563.61
2007-02-18,20000.0,0.0,21563.61
2007-02-19,25000.0,0.0,26563.61
2007-02-20,25000.0,0.0,26563.61
2007-02-21,25000.0,0.0,26563.61
2007-02-22,25000.0,0.0,26563.61
2007-02-25,25000.0,0.0,26563.61
2007-02-27,23000.0,0.0,24563.61
2007-02-28,22000.0,0.0,23563.61
2007-03-04,25000.0,0.0,26563.61
2007-03-05,25000.0,0.0,26563.61
2007-03-06,25000.0,0.0,26563.61
2007-03-10,25000.0,0.0,26563.61
2007-03-11,25800.0,0.0,27363.61
2007-03-12,25000.01,0.0,26563.62
2007-03-13,25002.0,0.0,26565.61
2007-03-14,25030.0,0.0,26593.61
2007-03-15,25000.0,0.0,26563.61
2007-03-18,25100.0,0.0,26663.61
2007-03-19,25100.0,0.0,26663.61
2007-03-20,25100.0,0.0,26663.61
2007-03-24,25100.0,0.0,26663.61
2007-03-25,25100.0,0.0,26663.61
2007-03-26,25200.0,0.0,26763.61
2007-03-27,25100.0,0.0,26663.61
2007-03-28,25100.0,0.0,26663.61
2007-03-29,25200.0,0.0,26763.61
2007-04-01,25100.0,0.0,26663.61
2007-04-02,25100.0,0.0,26663.61
2007-04-03,25000.0,0.0,26563.61
2007-04-04,25100.0,0.0,26663.61
2007-04-05,25100.0,0.0,26663.61
2007-04-08,25100.0,0.0,26663.61
2007-04-09,25100.0,0.0,26663.61
2007-04-10,25000.0,0.0,26563.61
2007-04-11,25029.0,0.0,26592.61
2007-04-12,24000.0,0.0,25563.61
2007-04-15,24000.0,0.0,25563.61
2007-04-16,24000.0,0.0,25563.61
2007-04-17,23500.0,0.0,25063.61
2007-04-18,24000.0,0.0,25563.61
2007-04-19,24000.0,0.0,25563.61
2007-04-22,24000.0,0.0,25563.61
2007-04-23,24000.0,0.0,25563.61
2007-04-24,24000.0,0.0,25563.61
2007-04-25,25300.0,0.0,26863.61
2007-04-26,23000.0,0.0,24563.61
2007-04-29,23950.0,0.0,25513.61
2007-05-01,24000.0,0.0,25563.61
2007-05-02,24000.0,0.0,25563.61
2007-05-03,24000.0,0.0,25563.61
2007-05-06,23500.0,0.0,25063.61
2007-05-07,23500.0,0.0,25063.61
2007-05-09,23000.0,0.0,24563.61
2007-05-10,23500.0,0.0,25063.61
2007-05-13,23000.01,0.0,24563.62
2007-05-14,23000.0,0.0,24563.61
2007-05-15,23500.0,0.0,25063.61
2007-05-16,23500.0,0.0,25063.61
2007-05-20,24000.0,0.0,25563.61
2007-05-21,22800.0,0.0,24363.61
2007-05-22,23400.0,0.0,24963.61
2007-05-23,23600.0,0.0,25163.61
2007-05-24,23800.0,0.0,25363.61
2007-05-27,23900.0,0.0,25463.61
2007-05-28,23998.0,0.0,25561.61
2007-05-29,23089.0,0.0,24652.61
2007-05-30,23000.0,0.0,24563.61
2007-05-31,23500.0,0.0,25063.61
2007-06-04,23000.0,0.0,24563.61
2007-06-06,23212.0,0.0,24775.61
2007-06-07,23000.0,0.0,24563.61
2007-06-10,22000.0,0.0,23563.61
2007-06-11,22200.0,0.0,23763.61
2007-06-13,22500.0,0.0,24063.61
2007-06-14,22200.0,0.0,23763.61
2007-06-17,22000.0,0.0,23563.61
2007-06-18,21500.01,0.0,23063.62
2007-06-19,21000.01,0.0,22563.62
2007-06-20,20000.0,0.0,21563.61
2007-06-25,19500.0,0.0,21063.61
2007-06-26,20000.0,0.0,21563.61
2007-06-28,21000.0,0.0,22563.61
2007-07-02,20150.0,300.0,22013.61
2007-07-04,19500.01,0.0,21363.62
2007-07-08,19500.0,0.0,21363.61
2007-07-09,19999.0,0.0,21862.61
2007-07-10,19500.0,0.0,21363.61
2007-07-12,20000.0,0.0,21863.61
2007-07-15,20000.0,0.0,21863.61
2007-07-17,19500.01,0.0,21363.62
2007-07-18,20000.0,0.0,21863.61
2007-07-19,19500.01,0.0,21363.62
2007-07-22,19500.01,0.0,21363.62
2007-07-24,19977.0,0.0,21840.61
2007-07-25,19950.0,0.0,21813.61
2007-07-29,20000.0,0.0,21863.61
2007-07-31,19500.0,0.0,21363.61
2007-08-01,19500.01,0.0,21363.62
2007-08-02,19500.0,0.0,21363.61
2007-08-05,19500.0,0.0,21363.61
2007-08-06,19202.0,0.0,21065.61
2007-08-07,19200.0,0.0,21063.61
2007-08-08,19200.0,0.0,21063.61
2007-08-12,18500.0,0.0,20363.61
2007-08-15,18500.0,0.0,20363.61
2007-08-20,17100.0,0.0,18963.61
2007-08-26,16500.0,0.0,18363.61
2007-08-28,17000.0,0.0,18863.61
2007-09-04,16200.0,0.0,18063.61
2007-09-09,16501.0,0.0,18364.61
2007-09-10,16501.0,0.0,18364.61
2007-09-11,16501.0,0.0,18364.61
2007-09-16,16501.0,0.0,18364.61
2007-09-20,16501.0,0.0,18364.61
2007-09-23,17500.0,0.0,19363.61
2007-09-25,17200.0,0.0,19063.61
2007-09-27,17300.0,0.0,19163.61
2007-09-30,16499.0,0.0,18362.61
2007-10-03,15000.0,0.0,16863.61
2007-10-07,17999.0,0.0,19862.61
2007-10-08,18000.0,0.0,19863.61
2007-10-11,19999.0,0.0,21862.61
2007-10-14,18400.0,0.0,20263.61
2007-10-15,17900.0,0.0,19763.61
2007-10-22,17500.0,0.0,19363.61
2007-10-23,17500.0,0.0,19363.61
2007-10-29,16800.0,0.0,18663.61
2007-10-30,15500.0,0.0,17363.61
2007-10-31,15800.0,0.0,17663.61
2007-11-01,17249.0,0.0,19112.61
2007-11-04,15900.0,0.0,17763.61
2007-11-05,17500.0,0.0,19363.61
2007-11-06,20700.0,0.0,22563.61
2007-11-07,22080.0,0.0,23943.61
2007-11-08,23900.0,0.0,25763.61
2007-11-11,22500.0,0.0,24363.61
2007-11-12,22000.0,0.0,23863.61
2007-11-13,23500.0,0.0,25363.61
2007-11-14,23899.0,0.0,25762.61
2007-11-15,23600.0,0.0,25463.61
2007-11-18,23590.0,0.0,25453.61
2007-11-20,23400.0,0.0,25263.61
2007-11-21,24500.0,0.0,26363.61
2007-11-22,24500.0,0.0,26363.61
2007-11-25,23800.0,0.0,25663.61
2007-11-26,24100.0,0.0,25963.61
2007-11-27,22300.0,0.0,24163.61
2007-11-29,23800.0,0.0,25663.61
2007-12-03,22300.0,0.0,24163.61
2007-12-04,22500.0,0.0,24363.61
2007-12-05,22100.0,0.0,23963.61
2007-12-09,22000.0,0.0,23863.61
2007-12-10,22000.0,0.0,23863.61
2007-12-11,22000.0,0.0,23863.61
2007-12-12,23900.0,0.0,25763.61
2007-12-13,23490.0,0.0,25353.61
2007-12-20,22000.0,0.0,23863.61
2007-12-24,21000.0,0.0,22863.61
2007-12-25,22000.0,0.0,23863.61
2007-12-26,21000.0,0.0,22863.61
2007-12-27,21000.0,0.0,22863.61
2008-01-07,20000.0,244.79,22108.4
2008-01-09,20000.0,0.0,22108.4
2008-01-10,20000.0,0.0,22108.4
2008-01-14,21300.0,0.0,23408.4
2008-01-21,19400.0,0.0,21508.4
2008-01-23,18500.0,0.0,20608.4
2008-01-29,18000.0,0.0,20108.4
2008-01-30,18500.0,0.0,20608.4
2008-02-03,18300.0,0.0,20408.4
2008-02-04,18800.0,0.0,20908.4
2008-02-06,18800.0,0.0,20908.4
2008-02-07,18000.0,0.0,20108.4
2008-02-10,18300.0,0.0,20408.4
2008-02-11,18800.0,0.0,20908.4
2008-02-19,18500.0,0.0,20608.4
2008-02-24,18000.0,0.0,20108.4
2008-02-25,17000.0,0.0,19108.4
2008-02-28,17505.0,0.0,19613.4
2008-03-02,17500.0,0.0,19608.4
2008-03-03,17800.0,0.0,19908.4
2008-03-04,17000.0,0.0,19108.4
2008-03-05,17600.0,0.0,19708.4
2008-03-11,17900.0,0.0,20008.4
2008-03-13,18000.0,0.0,20108.4
2008-03-16,17593.0,0.0,19701.4
2008-03-18,17300.0,0.0,19408.4
2008-03-25,17000.01,0.0,19108.41
2008-03-27,17000.01,0.0,19108.41
2008-03-30,17699.0,0.0,19807.4
2008-03-31,17500.0,0.0,19608.4
2008-04-01,17000.01,0.0,19108.41
2008-04-02,17500.0,0.0,19608.4
2008-04-08,17000.0,0.0,19108.4
2008-04-13,17050.0,0.0,19158.4
2008-04-14,17050.0,0.0,19158.4
2008-04-16,17000.01,0.0,19108.41
2008-04-17,16200.01,0.0,18308.41
2008-04-23,16900.0,0.0,19008.4
2008-04-28,17000.0,0.0,19108.4
2008-04-29,16200.0,0.0,18308.4
2008-05-05,15000.01,300.0,17408.41
2008-05-07,15002.0,0.0,17410.4
2008-05-11,15001.01,0.0,17409.41
2008-05-12,19600.0,0.0,22008.4
2008-05-13,17360.0,0.0,19768.4
2008-05-15,17000.0,0.0,19408.4
2008-05-20,16000.0,0.0,18408.4
2008-05-21,16000.0,0.0,18408.4
2008-05-27,15750.0,0.0,18158.4
2008-05-28,17000.0,0.0,19408.4
2008-06-01,15901.0,0.0,18309.4
2008-06-02,16999.99,0.0,19408.390000000003
2008-06-04,17800.0,0.0,20208.4
2008-06-05,17820.0,0.0,20228.4
2008-06-08,18100.0,0.0,20508.4
2008-06-09,17800.0,0.0,20208.4
2008-06-10,17000.0,0.0,19408.4
2008-06-11,17800.0,0.0,20208.4
2008-06-12,17000.0,0.0,19408.4
2008-06-15,17000.0,0.0,19408.4
2008-06-16,17200.0,0.0,19608.4
2008-06-17,16000.0,0.0,18408.4
2008-06-18,16000.0,0.0,18408.4
2008-06-19,16000.0,0.0,18408.4
2008-06-24,16010.0,0.0,18418.4
2008-06-25,16003.0,0.0,18411.4
2008-06-26,16000.0,0.0,18408.4
2008-06-30,16000.0,0.0,18408.4
2008-07-03,16000.0,0.0,18408.4
2008-07-15,15000.0,0.0,17408.4
2008-07-17,15100.0,0.0,17508.4
2008-07-20,14700.0,0.0,17108.4
2008-07-21,15000.0,0.0,17408.4
2008-07-22,15000.0,0.0,17408.4
2008-07-23,15000.0,0.0,17408.4
2008-07-24,15700.0,0.0,18108.4
2008-07-29,15000.0,0.0,17408.4
2008-07-30,15050.0,0.0,17458.4
2008-07-31,15020.0,0.0,17428.4
2008-08-04,14700.0,0.0,17108.4
2008-08-05,15000.0,0.0,17408.4
2008-08-07,14400.0,0.0,16808.4
2008-08-11,14400.0,0.0,16808.4
2008-08-12,14000.0,0.0,16408.4
2008-08-17,14500.0,0.0,16908.4
2008-08-18,15399.99,0.0,17808.39
2008-08-19,14501.0,0.0,16909.4
2008-08-20,14400.0,0.0,16808.4
2008-08-21,14400.0,0.0,16808.4
2008-08-25,14400.0,0.0,16808.4
2008-08-26,14400.0,0.0,16808.4
2008-08-27,14400.0,0.0,16808.4
2008-08-28,14000.0,0.0,16408.4
2008-09-01,13500.0,0.0,15908.4
2008-09-03,13900.0,0.0,16308.4
2008-09-07,13300.0,0.0,15708.4
2008-09-09,13150.0,0.0,15558.4
2008-09-10,12090.91,0.0,14499.31
2008-09-11,12272.73,0.0,14681.13
2008-09-14,12272.73,0.0,14681.13
2008-09-17,12272.73,0.0,14681.13
2008-09-18,12000.0,0.0,14408.4
2008-09-21,12500.0,0.0,14908.4
2008-09-22,12600.0,0.0,15008.4
2008-09-23,12500.0,0.0,14908.4
2008-09-25,12500.0,0.0,14908.4
2008-09-28,12500.0,0.0,14908.4
2008-09-29,12000.0,0.0,14408.4
2008-09-30,11818.0,0.0,14226.4
2008-10-01,11900.0,0.0,14308.4
2008-10-02,11818.0,0.0,14226.4
2008-10-05,10090.91,0.0,12499.31
2008-10-06,8700.0,0.0,11108.4
2008-10-07,8200.0,0.0,10608.4
2008-10-08,7600.0,0.0,10008.4
2008-10-09,6850.0,0.0,9258.4
2008-10-12,5200.0,0.0,7608.4
2008-10-13,5700.0,0.0,8108.4
2008-10-14,5501.0,0.0,7909.4
2008-10-19,5000.0,0.0,7408.4
2008-10-20,5100.0,0.0,7508.4
2008-10-21,5000.0,0.0,7408.4
2008-10-22,4600.0,0.0,7008.4
2008-10-23,4700.0,0.0,7108.4
2008-10-28,4999.0,0.0,7407.4
2008-10-29,5280.0,0.0,7688.4
2008-11-04,7370.0,0.0,9778.4
2008-11-05,6273.0,0.0,8681.4
2008-11-06,6200.0,0.0,8608.4
2008-11-09,6200.0,0.0,8608.4
2008-11-10,5900.0,0.0,8308.4
2008-11-11,5940.0,0.0,8348.4
2008-11-12,5800.0,0.0,8208.4
2008-11-13,5940.0,0.0,8348.4
2008-11-17,6050.0,0.0,8458.4
2008-11-18,6049.0,0.0,8457.4
2008-11-20,5940.0,0.0,8348.4
2008-11-23,5750.0,0.0,8158.4
2008-11-25,5995.0,0.0,8403.4
2008-11-26,6000.0,0.0,8408.4
2008-12-03,5500.01,0.0,7908.41
2008-12-08,5700.0,0.0,8108.4
2008-12-11,6050.0,0.0,8458.4
2008-12-22,6000.0,0.0,8408.4
2008-12-25,5900.0,0.0,8308.4
2008-12-28,5600.0,0.0,8008.4
2008-12-29,5699.99,0.0,8108.389999999999
2008-12-30,6000.0,0.0,8408.4
2009-01-04,5500.0,0.0,7908.4
2009-01-12,5500.0,0.0,7908.4
2009-01-13,5499.0,0.0,7907.4
2009-01-14,5100.0,0.0,7508.4
2009-01-15,5000.0,0.0,7408.4
2009-01-18,5003.0,0.0,7411.4
2009-01-21,4200.0,0.0,6608.4
2009-01-27,4615.0,0.0,7023.4
2009-01-29,6450.0,0.0,8858.4
2009-02-01,3600.0,0.0,6008.4
2009-02-02,2920.0,0.0,5328.4
2009-02-03,3244.99,0.0,5653.389999999999
2009-02-05,3025.0,0.0,5433.4
2009-02-08,3025.0,0.0,5433.4
2009-02-09,3024.0,0.0,5432.4
2009-02-10,3025.0,0.0,5433.4
2009-02-11,3025.0,0.0,5433.4
2009-02-12,2750.0,0.0,5158.4
2009-02-15,1880.5,0.0,4288.9
2009-02-16,2700.0,0.0,5108.4
2009-02-17,2749.0,0.0,5157.4
2009-02-18,2500.0,0.0,4908.4
2009-02-19,2500.0,0.0,4908.4
2009-02-22,2500.0,0.0,4908.4
2009-02-23,2500.0,0.0,4908.4
2009-02-24,2750.0,0.0,5158.4
2009-03-01,2750.0,0.0,5158.4
2009-03-03,2750.0,300.0,5458.4
2009-03-05,2805.0,0.0,5513.4
2009-03-17,2700.01,0.0,5408.41
2009-03-18,2860.0,0.0,5568.4
2009-03-19,2900.0,0.0,5608.4
2009-03-24,2999.7,0.0,5708.1
2009-03-29,3025.0,0.0,5733.4
2009-03-30,3300.0,0.0,6008.4
2009-03-31,3850.0,0.0,6558.4
2009-04-01,4550.0,0.0,7258.4
2009-04-02,4550.0,0.0,7258.4
2009-04-05,4550.0,0.0,7258.4
2009-04-06,4800.0,0.0,7508.4
2009-04-07,4550.0,0.0,7258.4
2009-04-08,5500.0,0.0,8208.4
2009-04-09,6000.0,0.0,8708.4
2009-04-12,5500.0,0.0,8208.4
2009-04-13,5970.0,0.0,8678.4
2009-04-14,5500.0,0.0,8208.4
2009-04-15,5707.7,0.0,8416.1
2009-04-16,6160.0,0.0,8868.4
2009-04-19,6000.0,0.0,8708.4
2009-04-20,6000.0,0.0,8708.4
2009-04-21,6000.0,0.0,8708.4
2009-04-22,6102.0,0.0,8810.4
2009-04-23,6389.0,0.0,9097.4
2009-04-26,6389.0,0.0,9097.4
2009-04-27,6200.0,0.0,8908.4
2009-04-28,6200.0,0.0,8908.4
2009-05-03,6450.0,0.0,9158.4
2009-05-04,6200.0,0.0,8908.4
2009-05-05,6200.0,0.0,8908.4
2009-05-06,6200.0,0.0,8908.4
2009-05-07,6200.0,0.0,8908.4
2009-05-11,6200.0,0.0,8908.4
2009-05-14,6400.0,0.0,9108.4
2009-05-17,6000.0,0.0,8708.4
2009-05-18,6200.0,0.0,8908.4
2009-05-19,6499.0,0.0,9207.4
2009-05-25,6200.0,0.0,8908.4
2009-05-26,6200.0,0.0,8908.4
2009-05-27,6200.01,0.0,8908.41
2009-05-28,6200.0,0.0,8908.4
2009-05-31,6600.0,0.0,9308.4
2009-06-03,6200.0,0.0,8908.4
2009-06-04,6200.0,0.0,8908.4
2009-06-07,6200.0,0.0,8908.4
2009-06-15,6200.0,0.0,8908.4
2009-06-16,6200.0,0.0,8908.4
2009-06-22,6189.0,0.0,8897.4
2009-06-23,6198.0,0.0,8906.4
2009-06-24,6200.0,0.0,8908.4
2009-06-25,6200.0,0.0,8908.4
2009-06-28,6200.0,0.0,8908.4
2009-06-30,6250.0,0.0,8958.4
2009-07-06,6200.01,0.0,8908.41
2009-07-08,6650.0,0.0,9358.4
2009-07-13,6200.0,0.0,8908.4
2009-07-14,6200.0,0.0,8908.4
2009-07-16,6200.0,0.0,8908.4
2009-07-19,6200.0,0.0,8908.4
2009-07-27,6200.0,0.0,8908.4
2009-08-03,6200.0,0.0,8908.4
2009-08-19,6600.0,0.0,9308.4
2009-08-20,6600.0,0.0,9308.4
2009-08-23,6820.0,0.0,9528.4
2009-08-25,7140.0,0.0,9848.4
2009-08-26,7315.0,0.0,10023.4
2009-08-27,7315.0,0.0,10023.4
2009-08-31,7350.0,0.0,10058.4
2009-09-07,7000.0,0.0,9708.4
2009-09-15,7200.0,0.0,9908.4
2009-09-21,7350.0,0.0,10058.4
2009-09-23,7425.0,0.0,10133.4
2009-09-24,6920.0,0.0,9628.4
2009-09-27,6900.0,0.0,9608.4
2009-09-29,7050.0,0.0,9758.4
2009-09-30,6750.0,0.0,9458.4
2009-10-05,7150.0,0.0,9858.4
2009-10-07,7535.0,0.0,10243.4
2009-10-08,7800.0,0.0,10508.4
2009-10-11,8030.0,0.0,10738.4
2009-10-12,7600.0,0.0,10308.4
2009-10-13,7740.0,0.0,10448.4
2009-10-14,7800.0,0.0,10508.4
2009-10-18,8000.0,0.0,10708.4
2009-10-19,8000.0,0.0,10708.4
2009-10-20,8800.0,0.0,11508.4
2009-10-21,9500.0,0.0,12208.4
2009-10-22,9800.03,0.0,12508.43
2009-10-25,9750.0,0.0,12458.4
2009-10-26,9401.0,0.0,12109.4
2009-10-27,9400.0,0.0,12108.4
2009-10-28,8800.0,0.0,11508.4
2009-10-29,9050.01,0.0,11758.41
2009-11-01,9000.0,0.0,11708.4
2009-11-02,8500.0,0.0,11208.4
2009-11-03,8500.0,0.0,11208.4
2009-11-05,8750.0,0.0,11458.4
2009-11-08,8606.0,0.0,11314.4
2009-11-09,8750.0,0.0,11458.4
2009-11-10,9000.0,0.0,11708.4
2009-11-12,8000.0,0.0,10708.4
2009-11-16,8500.01,0.0,11208.41
2009-11-17,8500.01,0.0,11208.41
2009-11-18,8600.0,0.0,11308.4
2009-11-19,8600.0,0.0,11308.4
2009-11-22,8551.0,0.0,11259.4
2009-11-24,8500.0,0.0,11208.4
2009-11-25,8500.0,0.0,11208.4
2009-11-29,8500.0,0.0,11208.4
2009-11-30,8500.0,0.0,11208.4
2009-12-01,8500.0,0.0,11208.4
2009-12-02,8500.0,0.0,11208.4
2009-12-03,8501.0,0.0,11209.4
2009-12-06,8500.0,0.0,11208.4
2009-12-07,8501.0,0.0,11209.4
2009-12-08,8500.0,0.0,11208.4
2009-12-09,8750.0,0.0,11458.4
2009-12-10,8500.0,0.0,11208.4
2009-12-13,8501.0,0.0,11209.4
2009-12-14,8501.0,0.0,11209.4
2009-12-21,8500.0,0.0,11208.4
2009-12-23,8100.0,0.0,10808.4
2009-12-28,8100.0,0.0,10808.4
2009-12-29,8000.0,0.0,10708.4
2009-12-30,8000.0,0.0,10708.4
2010-01-10,8001.0,122.09,10831.49
2010-01-11,8001.01,0.0,10831.5
2010-01-13,8500.0,0.0,11330.49
2010-01-14,8800.0,0.0,11630.49
2010-01-17,8790.0,0.0,11620.49
2010-01-18,8910.0,0.0,11740.49
2010-01-20,8600.0,0.0,11430.49
2010-01-24,8000.01,0.0,10830.5
2010-01-25,8200.0,0.0,11030.49
2010-01-26,8200.0,0.0,11030.49
2010-01-27,8061.0,0.0,10891.49
2010-01-28,8325.0,0.0,11155.49
2010-02-02,8430.0,0.0,11260.49
2010-02-03,8350.0,0.0,11180.49
2010-02-04,8004.01,0.0,10834.5
2010-02-08,8005.0,0.0,10835.49
2010-02-10,8100.0,0.0,10930.49
2010-02-11,8000.0,0.0,10830.49
2010-02-14,8150.0,0.0,10980.49
2010-02-17,8200.0,0.0,11030.49
2010-02-18,8000.0,300.0,11130.49
2010-02-21,8000.01,0.0,11130.5
2010-02-22,8100.0,0.0,11230.49
2010-02-23,8195.0,0.0,11325.49
2010-02-24,8000.0,0.0,11130.49
2010-02-25,8000.0,0.0,11130.49
2010-02-28,8000.0,0.0,11130.49
2010-03-01,8000.0,0.0,11130.49
2010-03-02,8150.0,0.0,11280.49
2010-03-04,8150.0,0.0,11280.49
2010-03-08,8050.0,0.0,11180.49
2010-03-09,8010.0,0.0,11140.49
2010-03-11,8020.0,0.0,11150.49
2010-03-14,8020.0,0.0,11150.49
2010-03-15,8020.0,0.0,11150.49
2010-03-16,8008.0,0.0,11138.49
2010-03-17,8070.0,0.0,11200.49
2010-03-18,8000.1,0.0,11130.59
2010-03-24,8001.0,0.0,11131.49
2010-03-25,8000.0,0.0,11130.49
2010-03-28,7900.0,0.0,11030.49
2010-03-29,7902.0,0.0,11032.49
2010-03-30,7830.0,0.0,10960.49
2010-04-01,7801.0,0.0,10931.49
2010-04-04,7810.0,0.0,10940.49
2010-04-05,7800.01,0.0,10930.5
2010-04-06,7800.0,0.0,10930.49
2010-04-07,7800.01,0.0,10930.5
2010-04-08,7800.0,0.0,10930.49
2010-04-12,7800.0,0.0,10930.49
2010-04-13,7800.0,0.0,10930.49
2010-04-14,7750.0,0.0,10880.49
2010-04-15,7750.0,0.0,10880.49
2010-04-18,7800.0,0.0,10930.49
2010-04-19,7750.0,0.0,10880.49
2010-04-20,7701.0,0.0,10831.49
2010-04-21,7710.0,0.0,10840.49
2010-04-22,7700.0,0.0,10830.49
2010-04-25,7700.01,0.0,10830.5
2010-04-26,7700.0,0.0,10830.49
2010-04-27,7650.0,0.0,10780.49
2010-04-28,7100.0,0.0,10230.49
2010-04-29,6600.0,0.0,9730.49
2010-05-03,6600.0,0.0,9730.49
2010-05-05,6600.0,0.0,9730.49
2010-05-06,6100.0,0.0,9230.49
2010-05-11,6000.0,0.0,9130.49
2010-05-12,6201.0,0.0,9331.49
2010-05-13,6600.0,0.0,9730.49
2010-05-18,6600.0,0.0,9730.49
2010-05-19,6001.0,0.0,9131.49
2010-05-23,6100.0,0.0,9230.49
2010-05-24,6000.0,0.0,9130.49
2010-05-25,6001.0,0.0,9131.49
2010-05-30,6599.0,0.0,9729.49
2010-06-02,6599.0,0.0,9729.49
2010-06-08,6000.0,0.0,9130.49
2010-06-09,6600.0,0.0,9730.49
2010-06-13,6599.99,0.0,9730.48
2010-06-14,6599.0,0.0,9729.49
2010-06-15,6201.01,0.0,9331.5
2010-06-20,6001.0,0.0,9131.49
2010-06-22,6600.0,0.0,9730.49
2010-06-28,6930.0,0.0,10060.49
2010-07-08,6930.0,0.0,10060.49
2010-07-11,6400.0,0.0,9530.49
2010-07-14,7040.0,0.0,10170.49
2010-07-20,7250.0,0.0,10380.49
2010-07-21,7315.0,0.0,10445.49
2010-07-25,7100.0,0.0,10230.49
2010-07-27,7425.0,0.0,10555.49
2010-07-28,7425.0,0.0,10555.49
2010-08-11,7101.0,0.0,10231.49
2010-08-16,6800.0,0.0,9930.49
2010-08-24,7250.0,0.0,10380.49
2010-08-25,6750.0,0.0,9880.49
2010-08-31,6750.0,0.0,9880.49
2010-09-06,6750.0,0.0,9880.49
2010-09-07,7350.0,0.0,10480.49
2010-09-08,6750.0,0.0,9880.49
2010-09-14,6300.0,0.0,9430.49
2010-09-15,7200.0,0.0,10330.49
2010-09-23,7000.0,0.0,10130.49
2010-09-26,7399.0,0.0,10529.49
2010-09-28,7425.0,0.0,10555.49
2010-09-29,6750.0,0.0,9880.49
2010-10-04,7200.0,0.0,10330.49
2010-10-06,7200.0,0.0,10330.49
2010-10-07,7400.0,0.0,10530.49
2010-10-11,7700.0,0.0,10830.49
2010-10-12,7500.0,0.0,10630.49
2010-10-13,7500.02,0.0,10630.51
2010-10-14,8000.0,0.0,11130.49
2010-10-18,7600.0,0.0,10730.49
2010-10-21,8130.0,0.0,11260.49
2010-10-27,7900.0,0.0,11030.49
2010-10-28,8139.99,0.0,11270.48
2010-10-31,7510.0,0.0,10640.49
2010-11-01,7405.0,0.0,10535.49
2010-11-03,7420.0,0.0,10550.49
2010-11-08,7501.0,0.0,10631.49
2010-11-10,7601.01,0.0,10731.5
2010-11-23,8000.0,0.0,11130.49
2010-11-25,8000.0,0.0,11130.49
2010-11-28,8250.0,0.0,11380.49
2010-11-29,8100.0,0.0,11230.49
2010-11-30,8000.0,0.0,11130.49
2010-12-02,8001.0,0.0,11131.49
2010-12-06,8500.0,0.0,11630.49
2010-12-07,8250.0,0.0,11380.49
2010-12-08,8800.0,0.0,11930.49
2010-12-12,8550.0,0.0,11680.49
2010-12-13,8500.0,0.0,11630.49
2010-12-14,8500.0,0.0,11630.49
2010-12-21,8700.0,0.0,11830.49
2010-12-22,8700.0,0.0,11830.49
2010-12-23,8910.0,300.0,12340.49
2010-12-27,8702.0,0.0,12132.49
2010-12-30,9100.0,0.0,12530.49
2011-01-05,8600.0,0.0,12030.49
2011-01-09,8800.0,0.0,12230.49
2011-01-11,8850.0,0.0,12280.49
2011-01-13,8800.0,0.0,12230.49
2011-01-16,8881.0,0.0,12311.49
2011-01-17,9202.0,0.0,12632.49
2011-01-18,9200.0,0.0,12630.49
2011-01-19,9300.0,0.0,12730.49
2011-01-23,9300.0,0.0,12730.49
2011-01-24,9300.0,0.0,12730.49
2011-01-25,9200.0,0.0,12630.49
2011-01-27,9523.0,0.0,12953.49
2011-01-30,9301.0,0.0,12731.49
2011-01-31,8900.0,0.0,12330.49
2011-02-02,9100.0,0.0,12530.49
2011-02-07,9500.0,0.0,12930.49
2011-02-08,9523.0,0.0,12953.49
2011-02-09,9530.0,0.0,12960.49
2011-02-20,9530.0,0.0,12960.49
2011-02-22,9533.0,0.0,12963.49
2011-02-23,9500.0,0.0,12930.49
2011-03-03,9350.0,0.0,12780.49
2011-03-04,9600.0,0.0,13030.49
2011-03-09,9350.0,0.0,12780.49
2011-03-13,9500.0,0.0,12930.49
2011-03-14,9350.0,0.0,12780.49
2011-03-17,9360.0,0.0,12790.49
2011-03-23,9000.0,0.0,12430.49
2011-03-24,9630.0,0.0,13060.49
2011-03-27,9844.0,0.0,13274.49
2011-03-30,9800.0,0.0,13230.49
2011-03-31,9900.0,0.0,13330.49
2011-04-03,9900.0,0.0,13330.49
2011-04-04,9900.0,0.0,13330.49
2011-04-06,9900.0,0.0,13330.49
2011-04-07,9900.0,0.0,13330.49
2011-04-11,9900.0,0.0,13330.49
2011-04-13,9900.0,0.0,13330.49
2011-04-14,9990.0,0.0,13420.49
2011-04-21,9600.0,0.0,13030.49
2011-04-26,9700.0,0.0,13130.49
2011-04-28,9800.0,0.0,13230.49
2011-05-02,9350.0,0.0,12780.49
2011-05-09,9000.0,0.0,12430.49
2011-05-15,9100.0,0.0,12530.49
2011-05-17,9200.0,0.0,12630.49
2011-05-18,9051.0,0.0,12481.49
2011-05-23,9050.0,0.0,12480.49
2011-05-25,9500.0,0.0,12930.49
2011-06-13,9550.0,228.73,13209.220000000001
2011-06-14,9400.01,0.0,13059.23
2011-06-21,9540.0,0.0,13199.220000000001
2011-06-26,9200.0,0.0,12859.220000000001
2011-06-28,9200.0,0.0,12859.220000000001
2011-07-07,9200.0,0.0,12859.220000000001
2011-07-11,9210.0,0.0,12869.220000000001
2011-07-17,9210.0,0.0,12869.220000000001
2011-07-19,9210.0,0.0,12869.220000000001
2011-07-20,9210.0,0.0,12869.220000000001
2011-07-21,9215.0,0.0,12874.220000000001
2011-07-24,9480.0,0.0,13139.220000000001
2011-07-25,9210.0,0.0,12869.220000000001
2011-07-26,9210.0,0.0,12869.220000000001
2011-07-27,9200.0,0.0,12859.220000000001
2011-07-28,9201.0,0.0,12860.220000000001
2011-08-02,9210.0,0.0,12869.220000000001
2011-08-04,8800.0,0.0,12459.220000000001
2011-08-07,8500.0,0.0,12159.220000000001
2011-08-08,8500.0,0.0,12159.220000000001
2011-08-09,7800.0,0.0,11459.220000000001
2011-08-10,7800.0,0.0,11459.220000000001
2011-08-16,8300.0,0.0,11959.220000000001
2011-08-18,7800.0,0.0,11459.220000000001
2011-08-23,7851.0,0.0,11510.220000000001
2011-08-25,7850.0,0.0,11509.220000000001
2011-08-26,7850.0,0.0,11509.220000000001
2011-08-31,7851.0,0.0,11510.220000000001
2011-09-07,8346.0,0.0,12005.220000000001
2011-09-12,8000.0,0.0,11659.220000000001
2011-09-14,8560.0,0.0,12219.220000000001
2011-09-15,8560.0,0.0,12219.220000000001
2011-09-18,8774.0,0.0,12433.220000000001
2011-09-20,8774.0,0.0,12433.220000000001
2011-09-21,8988.0,0.0,12647.220000000001
2011-09-26,8988.0,0.0,12647.220000000001
2011-09-27,8988.0,0.0,12647.220000000001
2011-09-28,9095.0,0.0,12754.220000000001
2011-09-29,9000.01,0.0,12659.23
2011-10-03,9000.0,0.0,12659.220000000001
2011-10-09,9300.0,0.0,12959.220000000001
2011-10-10,9500.0,0.0,13159.220000000001
2011-10-11,9630.0,0.0,13289.220000000001
2011-10-12,9630.0,0.0,13289.220000000001
2011-10-13,10200.0,0.0,13859.220000000001
2011-10-18,10300.0,0.0,13959.220000000001
2011-10-19,10500.0,0.0,14159.220000000001
2011-10-20,10600.0,0.0,14259.220000000001
2011-10-23,11530.0,0.0,15189.220000000001
2011-10-25,11500.0,0.0,15159.220000000001
2011-10-26,12000.0,0.0,15659.220000000001
2011-10-27,12200.0,0.0,15859.220000000001
2011-10-30,11500.0,0.0,15159.220000000001
2011-10-31,11799.99,0.0,15459.21
2011-11-01,11899.99,0.0,15559.21
2011-11-02,11900.0,0.0,15559.220000000001
2011-11-03,11502.0,0.0,15161.220000000001
2011-11-06,12000.0,0.0,15659.220000000001
2011-11-07,12000.0,0.0,15659.220000000001
2011-11-08,12000.0,0.0,15659.220000000001
2011-11-09,11999.99,0.0,15659.21
2011-11-10,12000.0,0.0,15659.220000000001
2011-11-13,12000.0,0.0,15659.220000000001
2011-11-14,11501.0,0.0,15160.220000000001
2011-11-15,11350.0,0.0,15009.220000000001
2011-11-16,12305.0,0.0,15964.220000000001
2011-11-17,12200.0,0.0,15859.220000000001
2011-11-23,12411.0,0.0,16070.220000000001
2011-11-24,12500.0,0.0,16159.220000000001
2011-11-28,12500.0,0.0,16159.220000000001
2011-12-04,13161.0,0.0,16820.22
2011-12-05,12503.0,0.0,16162.220000000001
2011-12-11,12500.02,0.0,16159.240000000002
2011-12-13,12500.02,0.0,16159.240000000002
2011-12-14,12900.0,0.0,16559.22
2011-12-19,12700.0,0.0,16359.220000000001
2011-12-20,13000.0,0.0,16659.22
2011-12-21,14000.0,300.0,17959.22
2011-12-25,15515.0,0.0,19474.22
2011-12-26,14920.0,0.0,18879.22
2011-12-27,17014.0,0.0,20973.22
2011-12-28,18050.0,0.0,22009.22
2011-12-29,18000.0,0.0,21959.22
2012-01-03,18000.0,0.0,21959.22
2012-01-04,18000.0,0.0,21959.22
2012-01-05,17500.0,0.0,21459.22
2012-01-08,17500.0,0.0,21459.22
2012-01-09,17500.01,0.0,21459.23
2012-01-10,17950.0,0.0,21909.22
2012-01-11,18000.0,0.0,21959.22
2012-01-12,18050.0,0.0,22009.22
2012-01-15,18000.0,0.0,21959.22
2012-01-16,17800.0,0.0,21759.22
2012-01-17,18000.0,0.0,21959.22
2012-01-18,17900.0,0.0,21859.22
2012-01-19,17200.0,0.0,21159.22
2012-01-22,17490.0,0.0,21449.22
2012-01-23,17000.0,0.0,20959.22
2012-01-24,17005.01,0.0,20964.23
2012-01-25,17000.0,0.0,20959.22
2012-01-26,17000.0,0.0,20959.22
2012-01-29,17000.0,0.0,20959.22
2012-01-30,16500.0,0.0,20459.22
2012-01-31,16700.0,0.0,20659.22
2012-02-01,16995.0,0.0,20954.22
2012-02-02,16994.99,0.0,20954.210000000003
2012-02-05,17500.0,0.0,21459.22
2012-02-06,18480.0,0.0,22439.22
2012-02-07,19000.0,0.0,22959.22
2012-02-08,19000.0,0.0,22959.22
2012-02-09,22500.0,0.0,26459.22
2012-02-12,22500.01,0.0,26459.23
2012-02-13,22501.0,0.0,26460.22
2012-02-14,22700.0,0.0,26659.22
2012-02-15,22500.0,0.0,26459.22
2012-02-16,22600.0,0.0,26559.22
2012-02-19,22001.0,0.0,25960.22
2012-02-20,22000.0,0.0,25959.22
2012-02-21,22000.0,0.0,25959.22
2012-02-22,22100.0,0.0,26059.22
2012-02-23,22000.0,0.0,25959.22
2012-02-26,22000.0,0.0,25959.22
2012-02-27,22000.0,0.0,25959.22
2012-02-28,21600.0,0.0,25559.22
2012-02-29,19351.0,0.0,23310.22
2012-03-01,21150.0,0.0,25109.22
2012-03-04,20700.0,0.0,24659.22
2012-03-05,20500.0,0.0,24459.22
2012-03-06,20690.0,0.0,24649.22
2012-03-10,20000.0,0.0,23959.22
2012-03-11,20290.0,0.0,24249.22
2012-03-12,20500.0,0.0,24459.22
2012-03-13,20000.0,0.0,23959.22
2012-03-14,20500.01,0.0,24459.23
2012-03-19,20500.0,0.0,24459.22
2012-03-26,20700.0,0.0,24659.22
2012-03-28,20800.0,0.0,24759.22
2012-04-01,21000.0,0.0,24959.22
2012-04-02,21500.0,0.0,25459.22
2012-04-03,22460.0,0.0,26419.22
2012-04-04,21600.0,0.0,25559.22
2012-04-05,22001.0,0.0,25960.22
2012-04-08,21500.0,18559.27,44018.490000000005
2012-04-09,21500.01,0.0,44018.5
2012-04-11,21500.0,0.0,44018.490000000005
2012-04-12,21000.0,0.0,43518.490000000005
2012-04-15,21500.0,0.0,44018.490000000005
2012-04-16,22000.0,0.0,44518.490000000005
2012-04-17,23000.0,0.0,45518.490000000005
2012-04-18,23000.0,0.0,45518.490000000005
2012-04-19,23400.0,0.0,45918.490000000005
2012-04-22,25500.0,0.0,48018.490000000005
2012-04-23,25000.0,0.0,47518.490000000005
2012-04-24,24500.0,0.0,47018.490000000005
2012-04-25,25205.0,0.0,47723.490000000005
2012-04-26,26999.99,0.0,49518.48
2012-04-27,26300.0,0.0,48818.490000000005
2012-05-01,26310.01,0.0,48828.5
2012-05-02,26300.0,0.0,48818.490000000005
2012-05-03,25500.0,0.0,48018.490000000005
2012-05-06,25600.0,0.0,48118.490000000005
2012-05-07,17000.0,0.0,39518.490000000005
2012-05-09,26150.0,0.0,48668.490000000005
2012-05-10,26979.99,0.0,49498.48
2012-05-13,26000.0,0.0,48518.490000000005
2012-05-14,26999.0,0.0,49517.490000000005
2012-05-16,9900.0,0.0,32418.49
2012-05-17,11000.0,0.0,33518.490000000005
2012-05-20,13200.0,0.0,35718.490000000005
2012-05-21,15400.0,0.0,37918.490000000005
2012-05-22,14000.01,0.0,36518.5
2012-05-23,14444.01,0.0,36962.5
2012-05-24,12500.0,0.0,35018.490000000005
2012-05-27,12830.0,0.0,35348.490000000005
2012-05-28,13360.0,0.0,35878.490000000005
2012-05-29,13500.0,0.0,36018.490000000005
2012-05-30,13499.99,0.0,36018.48
2012-05-31,13484.99,0.0,36003.48
2012-06-04,13199.0,0.0,35717.490000000005
2012-06-05,13388.99,0.0,35907.48
2012-06-07,13199.99,0.0,35718.48
2012-06-10,13100.0,0.0,35618.490000000005
2012-06-11,13445.0,0.0,35963.490000000005
2012-06-12,13350.0,0.0,35868.490000000005
2012-06-13,13495.0,0.0,36013.490000000005
2012-06-14,13450.0,0.0,35968.490000000005
2012-06-17,13480.0,0.0,35998.490000000005
2012-06-18,13439.0,0.0,35957.490000000005
2012-06-19,13350.0,0.0,35868.490000000005
2012-06-20,13199.99,0.0,35718.48
2012-06-21,13190.0,0.0,35708.490000000005
2012-06-24,13195.0,0.0,35713.490000000005
2012-06-25,13090.0,0.0,35608.490000000005
2012-06-26,12510.0,0.0,35028.490000000005
2012-06-27,12990.0,0.0,35508.490000000005
2012-06-28,13300.0,0.0,35818.490000000005
2012-07-01,13299.0,0.0,35817.490000000005
2012-07-02,13290.0,0.0,35808.490000000005
2012-07-03,13349.95,0.0,35868.44
2012-07-04,13100.0,0.0,35618.490000000005
2012-07-08,13350.0,0.0,35868.490000000005
2012-07-10,13199.0,0.0,35717.490000000005
2012-07-11,12611.0,0.0,35129.490000000005
2012-07-12,12900.0,0.0,35418.490000000005
2012-07-16,13100.0,0.0,35618.490000000005
2012-07-17,12999.99,0.0,35518.48
2012-07-19,13100.0,0.0,35618.490000000005
2012-07-23,12700.0,0.0,35218.490000000005
2012-07-24,13000.0,0.0,35518.490000000005
2012-07-26,13000.0,0.0,35518.490000000005
2012-07-29,13000.0,0.0,35518.490000000005
2012-07-30,13050.0,0.0,35568.490000000005
2012-07-31,13099.0,0.0,35617.490000000005
2012-08-01,13089.0,0.0,35607.490000000005
2012-08-02,13080.0,0.0,35598.490000000005
2012-08-05,13050.0,0.0,35568.490000000005
2012-08-06,13050.0,0.0,35568.490000000005
2012-08-07,13049.99,0.0,35568.48
2012-08-08,13065.0,0.0,35583.490000000005
2012-08-09,12750.0,0.0,35268.490000000005
2012-08-12,12750.0,0.0,35268.490000000005
2012-08-13,12999.99,0.0,35518.48
2012-08-16,12899.99,0.0,35418.48
2012-08-19,13040.0,0.0,35558.490000000005
2012-08-26,12890.0,0.0,35408.490000000005
2012-08-27,12979.0,0.0,35497.490000000005
2012-09-02,12950.0,0.0,35468.490000000005
2012-09-06,12950.0,0.0,35468.490000000005
2012-09-11,12000.0,0.0,34518.490000000005
2012-09-12,12200.0,0.0,34718.490000000005
2012-09-13,12000.0,0.0,34518.490000000005
2012-09-16,12000.0,0.0,34518.490000000005
2012-09-17,12100.0,0.0,34618.490000000005
2012-09-18,11200.0,0.0,33718.490000000005
2012-09-20,11200.0,0.0,33718.490000000005
2012-09-25,11200.0,0.0,33718.490000000005
2012-09-26,11200.0,0.0,33718.490000000005
2012-09-30,11234.0,0.0,33752.490000000005
2012-10-03,10700.0,0.0,33218.490000000005
2012-10-04,10400.0,0.0,32918.490000000005
2012-10-14,10250.0,0.0,32768.490000000005
2012-10-17,10250.0,0.0,32768.490000000005
2012-10-18,10500.0,0.0,33018.490000000005
2012-10-23,10150.0,0.0,32668.49
2012-10-28,10600.0,0.0,33118.490000000005
2012-10-29,10149.99,0.0,32668.480000000003
2012-10-30,10200.0,0.0,32718.49
2012-11-06,10200.0,0.0,32718.49
2012-11-07,10100.0,0.0,32618.49
2012-11-08,10200.0,0.0,32718.49
2012-11-12,10100.0,300.0,32918.490000000005
2012-11-13,10200.0,0.0,33018.490000000005
2012-11-20,10180.0,0.0,32998.490000000005
2012-11-22,10300.0,0.0,33118.490000000005
2012-11-25,10200.0,0.0,33018.490000000005
2012-11-27,10250.0,0.0,33068.490000000005
2012-11-28,10100.0,0.0,32918.490000000005
2012-11-29,10400.0,0.0,33218.490000000005
2012-12-03,10000.0,0.0,32818.490000000005
2012-12-04,10000.0,0.0,32818.490000000005
2012-12-09,10000.0,0.0,32818.490000000005
2012-12-19,10300.0,0.0,33118.490000000005
2012-12-23,10100.0,0.0,32918.490000000005
2012-12-24,10200.0,0.0,33018.490000000005
2012-12-25,10200.0,0.0,33018.490000000005
2012-12-26,10600.0,0.0,33418.490000000005
2012-12-27,10750.0,0.0,33568.490000000005
2012-12-28,10914.0,0.0,33732.490000000005
2013-01-02,11128.0,0.0,33946.490000000005
2013-01-03,11877.0,0.0,34695.490000000005
2013-01-07,12305.0,0.0,35123.490000000005
2013-01-08,13200.0,0.0,36018.490000000005
2013-01-09,14000.0,0.0,36818.490000000005
2013-01-10,12300.0,0.0,35118.490000000005
2013-01-13,12519.0,0.0,35337.490000000005
2013-01-14,12947.0,0.0,35765.490000000005
2013-01-15,12900.0,0.0,35718.490000000005
2013-01-16,12700.0,0.0,35518.490000000005
2013-01-17,12400.0,0.0,35218.490000000005
2013-01-20,12500.0,0.0,35318.490000000005
2013-01-21,12000.0,0.0,34818.490000000005
2013-01-22,12840.0,0.0,35658.490000000005
2013-01-23,12840.0,0.0,35658.490000000005
2013-01-24,12840.0,0.0,35658.490000000005
2013-01-27,13900.0,0.0,36718.490000000005
2013-01-28,13901.0,0.0,36719.490000000005
2013-01-29,13501.0,0.0,36319.490000000005
2013-01-30,14445.0,0.0,37263.490000000005
2013-01-31,14200.0,0.0,37018.490000000005
2013-02-03,14000.0,0.0,36818.490000000005
2013-02-04,13501.01,0.0,36319.5
2013-02-05,13500.0,0.0,36318.490000000005
2013-02-06,13500.0,0.0,36318.490000000005
2013-02-07,14000.0,0.0,36818.490000000005
2013-02-10,13851.35,0.0,36669.840000000004
2013-02-11,13900.0,0.0,36718.490000000005
2013-02-19,13300.0,0.0,36118.490000000005
2013-02-20,13000.0,0.0,35818.490000000005
2013-02-21,13695.0,0.0,36513.490000000005
2013-02-26,13340.0,0.0,36158.490000000005
2013-02-27,13100.0,0.0,35918.490000000005
2013-02-28,13000.0,0.0,35818.490000000005
2013-03-05,13299.0,161.03,36278.520000000004
2013-03-11,12800.0,0.0,35779.520000000004
2013-03-12,12502.01,0.0,35481.53
2013-03-13,13370.0,0.0,36349.520000000004
2013-03-19,13250.0,0.0,36229.520000000004
2013-03-28,13300.0,0.0,36279.520000000004
2013-03-31,13300.0,0.0,36279.520000000004
2013-04-01,12500.01,0.0,35479.53
2013-04-02,12500.0,0.0,35479.520000000004
2013-04-03,12400.0,0.0,35379.520000000004
2013-04-04,12000.0,0.0,34979.520000000004
2013-04-07,12200.0,0.0,35179.520000000004
2013-04-10,12271.0,0.0,35250.520000000004
2013-04-17,11800.0,0.0,34779.520000000004
2013-04-22,11800.0,0.0,34779.520000000004
2013-04-23,11750.0,0.0,34729.520000000004
2013-04-24,11900.0,0.0,34879.520000000004
2013-04-25,11900.0,0.0,34879.520000000004
2013-04-28,11900.0,0.0,34879.520000000004
2013-05-07,11900.0,0.0,34879.520000000004
2013-05-12,12000.0,0.0,34979.520000000004
2013-05-13,11750.0,0.0,34729.520000000004
2013-05-14,11300.0,0.0,34279.520000000004
2013-05-15,11500.0,0.0,34479.520000000004
2013-05-16,11500.0,0.0,34479.520000000004
2013-05-19,11550.0,0.0,34529.520000000004
2013-05-21,11550.0,0.0,34529.520000000004
2013-05-22,11400.0,0.0,34379.520000000004
2013-05-23,11250.0,0.0,34229.520000000004
2013-05-26,11299.99,0.0,34279.51
2013-05-27,11250.0,0.0,34229.520000000004
2013-05-29,11300.0,0.0,34279.520000000004
2013-06-02,11000.0,0.0,33979.520000000004
2013-06-03,11400.0,0.0,34379.520000000004
2013-06-05,11000.0,0.0,33979.520000000004
2013-06-06,11399.0,0.0,34378.520000000004
2013-06-10,11399.0,0.0,34378.520000000004
2013-06-12,11000.0,0.0,33979.520000000004
2013-06-17,11000.0,0.0,33979.520000000004
2013-06-19,11000.0,0.0,33979.520000000004
2013-06-25,11400.0,0.0,34379.520000000004
2013-06-26,11000.0,0.0,33979.520000000004
2013-07-02,11001.0,0.0,33980.520000000004
2013-07-09,11000.0,0.0,33979.520000000004
2013-07-10,11435.0,0.0,34414.520000000004
2013-07-15,11400.0,0.0,34379.520000000004
2013-07-21,11000.0,0.0,33979.520000000004
2013-07-24,11000.0,0.0,33979.520000000004
2013-07-28,11000.0,0.0,33979.520000000004
2013-07-31,11000.0,0.0,33979.520000000004
2013-08-04,11000.0,0.0,33979.520000000004
2013-08-06,11400.0,0.0,34379.520000000004
2013-08-11,11050.0,0.0,34029.520000000004
2013-08-12,11000.0,0.0,33979.520000000004
2013-08-13,11000.0,0.0,33979.520000000004
2013-08-18,10800.01,0.0,33779.53
2013-08-19,11111.11,0.0,34090.630000000005
2013-08-20,10800.0,0.0,33779.520000000004
2013-08-25,10800.0,0.0,33779.520000000004
2013-08-26,11000.0,0.0,33979.520000000004
2013-08-28,11000.0,0.0,33979.520000000004
2013-09-01,11000.0,0.0,33979.520000000004
2013-09-03,10900.0,0.0,33879.520000000004
2013-09-05,11960.0,0.0,34939.520000000004
2013-09-08,11503.0,0.0,34482.520000000004
2013-09-09,11900.0,0.0,34879.520000000004
2013-09-10,11503.0,0.0,34482.520000000004
2013-09-16,12272.0,0.0,35251.520000000004
2013-09-17,11900.0,0.0,34879.520000000004
2013-09-19,11900.0,0.0,34879.520000000004
2013-09-22,12063.99,0.0,35043.51
2013-09-26,12000.0,0.0,34979.520000000004
2013-09-29,12000.0,0.0,34979.520000000004
2013-09-30,11600.0,0.0,34579.520000000004
2013-10-01,11600.0,0.0,34579.520000000004
2013-10-03,11400.0,0.0,34379.520000000004
2013-10-07,11856.0,0.0,34835.520000000004
2013-10-08,11856.0,0.0,34835.520000000004
2013-10-10,11400.0,0.0,34379.520000000004
2013-10-11,11400.0,0.0,34379.520000000004
2013-10-15,11400.0,0.0,34379.520000000004
2013-10-16,11856.0,0.0,34835.520000000004
2013-10-20,11856.0,0.0,34835.520000000004
2013-10-21,11810.0,0.0,34789.520000000004
2013-10-22,11800.0,0.0,34779.520000000004
2013-10-23,11850.0,0.0,34829.520000000004
2013-10-24,11850.0,0.0,34829.520000000004
2013-10-27,11410.0,0.0,34389.520000000004
2013-10-28,11415.0,0.0,34394.520000000004
2013-10-31,11415.0,0.0,34394.520000000004
2013-11-03,11415.0,0.0,34394.520000000004
2013-11-04,11850.0,0.0,34829.520000000004
2013-11-06,11850.0,0.0,34829.520000000004
2013-11-11,11856.0,0.0,34835.520000000004
2013-11-13,11960.0,0.0,34939.520000000004
2013-11-14,13000.0,0.0,35979.520000000004
2013-11-17,12801.0,0.0,35780.520000000004
2013-11-19,13398.0,0.0,36377.520000000004
2013-11-20,13360.0,0.0,36339.520000000004
2013-11-21,13349.99,0.0,36329.51
2013-11-24,13999.99,0.0,36979.51
2013-11-25,13810.0,0.0,36789.520000000004
2013-11-26,13600.0,0.0,36579.520000000004
2013-11-27,13999.0,0.0,36978.520000000004
2013-11-28,13950.0,0.0,36929.520000000004
2013-12-02,14000.0,0.0,36979.520000000004
2013-12-03,14000.0,0.0,36979.520000000004
2013-12-04,13900.0,0.0,36879.520000000004
2013-12-05,14872.0,0.0,37851.520000000004
2013-12-08,15183.99,0.0,38163.51
2013-12-09,15000.0,0.0,37979.520000000004
2013-12-11,14500.0,0.0,37479.520000000004
2013-12-12,14600.0,0.0,37579.520000000004
2013-12-17,13900.0,0.0,36879.520000000004
2013-12-19,13500.0,0.0,36479.520000000004
2013-12-23,13400.0,0.0,36379.520000000004
2013-12-26,13600.0,0.0,36579.520000000004
2013-12-27,13728.0,0.0,36707.520000000004
2013-12-30,13300.01,0.0,36279.53
2014-01-05,11200.0,0.0,34179.520000000004
2014-01-07,10950.0,0.0,33929.520000000004
2014-01-08,11050.0,0.0,34029.520000000004
2014-01-09,11100.0,0.0,34079.520000000004
2014-01-12,11600.0,0.0,34579.520000000004
2014-01-13,11648.0,0.0,34627.520000000004
2014-01-14,11648.0,0.0,34627.520000000004
2014-01-15,11648.0,0.0,34627.520000000004
2014-01-16,11300.0,0.0,34279.520000000004
2014-01-19,11752.0,0.0,34731.520000000004
2014-01-20,11752.0,0.0,34731.520000000004
2014-01-21,11850.0,0.0,34829.520000000004
2014-01-23,11500.0,0.0,34479.520000000004
2014-01-26,11856.0,0.0,34835.520000000004
2014-01-27,11500.0,0.0,34479.520000000004
2014-01-28,11500.0,0.0,34479.520000000004
2014-01-29,11500.0,0.0,34479.520000000004
2014-01-30,11855.0,0.0,34834.520000000004
2014-02-02,11855.0,0.0,34834.520000000004
2014-02-04,11830.0,0.0,34809.520000000004
2014-02-05,11830.0,0.0,34809.520000000004
2014-02-06,11856.0,0.0,34835.520000000004
2014-02-09,11856.0,0.0,34835.520000000004
2014-02-10,11510.0,0.0,34489.520000000004
2014-02-11,11960.0,0.0,34939.520000000004
2014-02-12,11959.0,0.0,34938.520000000004
2014-02-13,11700.0,0.0,34679.520000000004
2014-02-16,11750.0,0.0,34729.520000000004
2014-02-17,11551.0,0.0,34530.520000000004
2014-02-19,11959.0,0.0,34938.520000000004
2014-02-23,11601.0,0.0,34580.520000000004
2014-02-24,11925.0,0.0,34904.520000000004
2014-02-26,11960.0,0.0,34939.520000000004
2014-02-27,12000.0,0.0,34979.520000000004
2014-03-02,11700.0,0.0,34679.520000000004
2014-03-03,11650.0,0.0,34629.520000000004
2014-03-04,11900.0,0.0,34879.520000000004
2014-03-05,11900.0,0.0,34879.520000000004
2014-03-10,11950.0,0.0,34929.520000000004
2014-03-13,11630.0,0.0,34609.520000000004
2014-03-16,11960.0,0.0,34939.520000000004
2014-04-01,11650.0,0.0,34629.520000000004
2014-04-06,11650.0,0.0,34629.520000000004
2014-04-20,11900.0,0.0,34879.520000000004
2014-04-23,11650.0,0.0,34629.520000000004
2014-04-27,11650.0,0.0,34629.520000000004
2014-05-03,11630.0,0.0,34609.520000000004
2014-05-15,11960.0,0.0,34939.520000000004
2014-05-21,11630.0,0.0,34609.520000000004
2014-05-26,11700.0,0.0,34679.520000000004
2014-05-27,11500.0,0.0,34479.520000000004
2014-05-28,11500.0,0.0,34479.520000000004
2014-06-02,11500.0,2603.9,37083.42
2014-06-15,11450.0,0.0,37033.42
2014-06-16,11450.0,0.0,37033.42
2014-06-17,11400.0,0.0,36983.42
2014-06-18,11400.0,0.0,36983.42
2014-06-23,11300.0,0.0,36883.42
2014-06-25,11500.0,0.0,37083.42
2014-06-26,11400.0,0.0,36983.42
2014-07-08,11400.0,0.0,36983.42
2014-07-10,11300.0,0.0,36883.42
2014-07-13,11300.0,0.0,36883.42
2014-07-14,11301.0,0.0,36884.42
2014-07-16,11500.0,0.0,37083.42
2014-07-21,11300.0,0.0,36883.42
2014-07-23,11300.0,0.0,36883.42
2014-07-30,11750.0,0.0,37333.42
2014-07-31,11960.0,0.0,37543.42
2014-08-03,12000.0,0.0,37583.42
2014-08-04,12050.0,0.0,37633.42
2014-08-05,11634.62,0.0,37218.04
2014-08-07,12100.0,0.0,37683.42
2014-08-18,11990.0,300.0,37873.42
2014-08-20,12000.0,0.0,37883.42
2014-09-01,11990.0,0.0,37873.42
2014-09-02,11634.62,0.0,37518.04
2014-09-14,11700.0,0.0,37583.42
2014-09-21,11500.0,0.0,37383.42
2014-09-24,11752.0,0.0,37635.42
2014-10-01,11300.0,0.0,37183.42
2014-10-07,11300.0,0.0,37183.42
2014-10-08,11300.0,0.0,37183.42
2014-10-12,11200.0,0.0,37083.42
2014-10-13,11100.0,0.0,36983.42
2014-10-14,10900.0,0.0,36783.42
2014-10-15,10300.0,0.0,36183.42
2014-10-16,9961.0,0.0,35844.42
2014-10-19,9300.0,0.0,35183.42
2014-10-20,9360.0,0.0,35243.42
2014-10-22,9000.0,0.0,34883.42
2014-10-23,8800.0,0.0,34683.42
2014-10-28,8840.0,0.0,34723.42
2014-10-30,8840.0,0.0,34723.42
2014-11-04,8943.0,0.0,34826.42
2014-11-06,8600.0,0.0,34483.42
2014-11-17,8944.0,0.0,34827.42
2014-11-20,8944.0,0.0,34827.42
2014-11-24,8944.0,0.0,34827.42
2014-11-26,8700.0,0.0,34583.42
2014-11-27,8600.0,0.0,34483.42
2014-12-01,8600.0,0.0,34483.42
2014-12-02,8600.0,0.0,34483.42
2014-12-03,8600.0,0.0,34483.42
2014-12-04,8400.0,0.0,34283.42
2014-12-07,8200.0,0.0,34083.42
2014-12-08,8320.0,0.0,34203.42
2014-12-11,8000.0,0.0,33883.42
2014-12-23,8112.0,0.0,33995.42
2014-12-24,8164.0,0.0,34047.42
2014-12-25,8736.0,0.0,34619.42
2014-12-28,8100.0,0.0,33983.42
2014-12-30,8424.0,0.0,34307.42
2015-01-02,8424.0,0.0,34307.42
2015-01-08,8164.0,0.0,34047.42
2015-01-14,7900.0,0.0,33783.42
2015-01-18,7650.0,0.0,33533.42
2015-01-22,7956.0,0.0,33839.42
2015-01-25,7956.0,0.0,33839.42
2015-02-01,7650.0,0.0,33533.42
2015-02-09,7650.0,0.0,33533.42
2015-02-16,7300.0,0.0,33183.42
2015-02-17,7100.0,0.0,32983.42
2015-02-25,7176.0,0.0,33059.42
2015-03-01,7000.0,0.0,32883.42
2015-03-04,7176.0,0.0,33059.42
2015-03-10,6900.0,0.0,32783.42
2015-03-16,7176.0,0.0,33059.42
2015-03-18,6900.0,0.0,32783.42
2015-03-30,7072.0,0.0,32955.42
2015-04-02,7072.0,0.0,32955.42
2015-04-05,7000.0,0.0,32883.42
2015-04-06,7176.0,0.0,33059.42
2015-04-07,7000.0,0.0,32883.42
2015-04-08,7000.0,0.0,32883.42
2015-04-15,7176.0,0.0,33059.42
2015-04-16,7176.0,0.0,33059.42
2015-04-20,7000.0,0.0,32883.42
2015-04-21,7000.0,0.0,32883.42
2015-04-22,7000.0,0.0,32883.42
2015-05-07,6900.0,0.0,32783.42
2015-05-11,6900.0,0.0,32783.42
2015-05-12,6650.0,0.0,32533.420000000002
2015-05-20,6760.0,0.0,32643.420000000002
2015-05-25,6760.0,0.0,32643.420000000002
2015-05-26,6760.0,0.0,32643.420000000002
2015-05-28,6812.0,0.0,32695.420000000002
2015-05-31,6812.0,0.0,32695.420000000002
2015-06-01,6864.0,0.0,32747.420000000002
2015-06-04,7124.0,0.0,33007.42
2015-06-07,6850.0,0.0,32733.420000000002
2015-06-09,7280.0,0.0,33163.42
2015-06-11,7488.0,0.0,33371.42
2015-06-14,8008.0,0.0,33891.42
2015-06-15,8008.0,0.0,33891.42
2015-06-16,8000.01,0.0,33883.43
2015-06-17,8000.0,0.0,33883.42
2015-06-25,8112.0,0.0,33995.42
2015-06-27,8112.0,0.0,33995.42
2015-06-29,8000.0,0.0,33883.42
2015-06-30,8200.0,0.0,34083.42
2015-07-01,8200.0,0.0,34083.42
2015-07-06,8200.0,0.0,34083.42
2015-07-07,7900.0,0.0,33783.42
2015-07-16,7900.0,0.0,33783.42
2015-07-21,7800.0,0.0,33683.42
2015-07-27,8100.0,0.0,33983.42
2015-07-28,8112.0,0.0,33995.42
2015-07-29,7800.0,0.0,33683.42
2015-07-30,7700.0,0.0,33583.42
2015-08-06,7500.0,0.0,33383.42
2015-08-09,7400.0,0.0,33283.42
2015-08-11,7200.0,0.0,33083.42
2015-08-13,7384.0,0.0,33267.42
2015-08-17,7100.0,0.0,32983.42
2015-08-18,6850.0,0.0,32733.420000000002
2015-08-19,6625.15,0.0,32508.57
2015-08-23,6590.0,0.0,32473.420000000002
2015-08-25,6600.0,0.0,32483.420000000002
2015-08-27,6590.0,0.0,32473.420000000002
2015-09-01,6600.0,0.0,32483.420000000002
2015-09-09,6350.0,0.0,32233.420000000002
2015-09-10,6350.0,0.0,32233.420000000002
2015-09-15,6448.0,0.0,32331.420000000002
2015-09-20,6350.0,0.0,32233.420000000002
2015-09-29,6604.0,0.0,32487.420000000002
2015-10-01,6457.7,0.0,32341.120000000003
2015-10-04,6410.0,0.0,32293.420000000002
2015-10-05,6500.0,0.0,32383.420000000002
2015-10-06,6604.0,0.0,32487.420000000002
2015-10-07,6604.0,0.0,32487.420000000002
2015-10-11,6760.0,0.0,32643.420000000002
2015-10-13,6600.0,0.0,32483.420000000002
2015-10-28,6864.0,0.0,32747.420000000002
2015-10-29,6864.0,0.0,32747.420000000002
2015-11-09,6650.0,0.0,32533.420000000002
2015-11-16,6650.0,0.0,32533.420000000002
2015-11-22,6864.0,0.0,32747.420000000002
2015-11-29,6864.0,0.0,32747.420000000002
2015-12-09,6600.0,0.0,32483.420000000002
2015-12-17,6812.0,0.0,32695.420000000002
2015-12-23,6818.5,300.0,33001.92
2015-12-28,6812.0,0.0,32995.42
2016-01-11,6650.0,0.0,32833.42
2016-01-12,6600.0,0.0,32783.42
2016-01-13,6864.0,0.0,33047.42
2016-01-17,6916.0,0.0,33099.42
2016-01-28,6800.0,0.0,32983.42
2016-02-01,6700.0,0.0,32883.42
2016-02-07,6700.0,0.0,32883.42
2016-02-16,6700.0,0.0,32883.42
2016-02-17,6968.0,0.0,33151.42
2016-02-24,6700.0,0.0,32883.42
2016-02-25,6700.0,0.0,32883.42
2016-03-02,6700.0,0.0,32883.42
2016-03-03,6700.0,0.0,32883.42
2016-03-09,6700.0,0.0,32883.42
2016-03-10,7020.0,0.0,33203.42
2016-03-14,6800.0,0.0,32983.42
2016-03-17,6800.0,0.0,32983.42
2016-03-27,6800.0,0.0,32983.42
2016-03-29,6800.0,0.0,32983.42
2016-04-06,6750.0,0.0,32933.42
2016-04-12,6801.0,0.0,32984.42
2016-04-24,6750.0,0.0,32933.42
2016-05-03,6750.0,0.0,32933.42
2016-05-05,6650.0,0.0,32833.42
2016-05-22,6600.01,0.0,32783.43
2016-05-23,6600.0,0.0,32783.42
2016-06-07,6600.0,0.0,32783.42
2016-06-12,6600.0,0.0,32783.42
2016-06-19,6600.0,0.0,32783.42
2016-06-26,6600.0,0.0,32783.42
2016-06-28,6500.0,0.0,32683.420000000002
2016-07-11,6300.0,0.0,32483.420000000002
2016-07-13,6200.0,0.0,32383.420000000002
2016-07-26,6396.0,0.0,32579.420000000002
2016-07-31,6292.0,0.0,32475.420000000002
2016-08-01,6396.0,0.0,32579.420000000002
2016-08-02,6396.0,0.0,32579.420000000002
2016-08-04,6600.0,0.0,32783.42
2016-08-07,6864.0,0.0,33047.42
2016-08-08,6700.0,0.0,32883.42
2016-08-09,6968.0,0.0,33151.42
2016-08-11,7050.0,0.0,33233.42
2016-08-14,6800.0,0.0,32983.42
2016-08-16,6800.0,0.0,32983.42
2016-08-22,6650.0,0.0,32833.42
2016-08-23,6550.0,0.0,32733.420000000002
2016-08-25,6590.0,0.0,32773.42
2016-09-06,6590.0,0.0,32773.42
2016-09-13,6812.0,0.0,32995.42
2016-09-14,6700.0,0.0,32883.42
2016-09-21,6967.99,0.0,33151.41
2016-09-22,6970.0,0.0,33153.42
2016-09-29,6800.0,0.0,32983.42
2016-10-02,6700.0,0.0,32883.42
2016-10-05,6600.0,0.0,32783.42
2016-10-10,6650.0,0.0,32833.42
2016-10-18,6500.0,0.0,32683.420000000002
2016-10-19,6695.0,0.0,32878.42
2016-10-23,6695.0,0.0,32878.42
2016-10-24,6600.0,0.0,32783.42
2016-11-02,6799.0,0.0,32982.42
2016-11-03,6700.0,0.0,32883.42
2016-11-07,6600.0,0.0,32783.42
2016-11-08,6798.0,0.0,32981.42
2016-11-09,6849.5,0.0,33032.92
2016-11-13,6952.5,0.0,33135.92
2016-11-17,7004.0,0.0,33187.42
2016-11-21,7158.5,0.0,33341.92
2016-11-22,6950.0,0.0,33133.42
2016-11-23,7158.5,0.0,33341.92
2016-11-24,7200.0,0.0,33383.42
2016-11-28,7200.0,0.0,33383.42
2016-11-29,7150.0,0.0,33333.42
2016-12-04,7473.75,0.0,33657.17
2016-12-05,8240.0,0.0,34423.42
2016-12-06,8340.0,0.0,34523.42
2016-12-07,8340.0,0.0,34523.42
2016-12-08,8100.0,0.0,34283.42
2016-12-11,7701.0,0.0,33884.42
2016-12-12,7700.0,300.0,34183.42
2016-12-13,7776.4,0.0,34259.82
2016-12-21,7500.0,0.0,33983.42
2016-12-25,7519.0,0.0,34002.42
2016-12-27,7725.0,0.0,34208.42
2016-12-28,7828.0,0.0,34311.42
2017-01-12,7931.0,0.0,34414.42
2017-01-16,7931.0,0.0,34414.42
2017-01-19,7610.0,0.0,34093.42
2017-01-22,7751.0,0.0,34234.42
2017-01-23,7982.5,0.0,34465.92
2017-01-24,7800.0,0.0,34283.42
2017-01-25,7750.0,0.0,34233.42
2017-01-26,7750.0,0.0,34233.42
2017-01-31,7650.0,0.0,34133.42
2017-02-02,7982.5,0.0,34465.92
2017-02-03,7982.5,0.0,34465.92
2017-02-06,7982.5,0.0,34465.92
2017-02-07,8085.5,0.0,34568.92
2017-02-08,8188.5,0.0,34671.92
2017-02-09,8652.0,0.0,35135.42
2017-02-12,8500.0,0.0,34983.42
2017-02-14,8549.0,0.0,35032.42
2017-02-16,8350.0,0.0,34833.42
2017-02-22,8600.5,0.0,35083.92
2017-02-28,8600.5,0.0,35083.92
2017-03-01,8600.0,0.0,35083.42
2017-03-05,8600.0,0.0,35083.42
2017-03-06,8600.51,0.0,35083.93
2017-03-09,8600.0,0.0,35083.42
2017-03-12,8600.0,0.0,35083.42
2017-03-15,8755.0,0.0,35238.42
2017-03-29,8755.0,0.0,35238.42
2017-04-02,8500.01,0.0,34983.43
2017-04-03,8755.0,0.0,35238.42
2017-04-04,8755.0,0.0,35238.42
2017-04-09,8600.0,0.0,35083.42
2017-04-11,8200.0,0.0,34683.42
2017-04-12,7625.0,0.0,34108.42
2017-04-13,7500.0,0.0,33983.42
2017-04-16,7300.0,0.0,33783.42
2017-04-17,7519.0,0.0,34002.42
2017-04-19,7300.0,0.0,33783.42
2017-04-20,7313.0,0.0,33796.42
2017-04-23,7107.0,0.0,33590.42
2017-04-24,7107.0,104.54,33694.96000000001
2017-04-26,7107.0,0.0,33694.96000000001
2017-04-27,7107.0,0.0,33694.96000000001
2017-04-28,7107.0,0.0,33694.96000000001
2017-05-15,6900.0,0.0,33487.96000000001
2017-05-17,6650.0,0.0,33237.96000000001
2017-05-18,6500.0,0.0,33087.96000000001
2017-05-22,6450.0,0.0,33037.96000000001
2017-06-06,6380.0,0.0,32967.96000000001
2017-06-08,6380.0,0.0,32967.96000000001
2017-06-11,6520.0,0.0,33107.96000000001
2017-06-14,6380.0,0.0,32967.96000000001
2017-06-18,6380.0,0.0,32967.96000000001
2017-06-19,6380.0,0.0,32967.96000000001
2017-06-20,6540.5,0.0,33128.46000000001
2017-06-22,6380.0,0.0,32967.96000000001
2017-06-23,6380.0,0.0,32967.96000000001
2017-06-25,6500.0,0.0,33087.96000000001
2017-06-27,6350.0,0.0,32937.96000000001
2017-06-28,6350.0,0.0,32937.96000000001
2017-06-30,6350.0,0.0,32937.96000000001
2017-07-03,6386.0,0.0,32973.96000000001
2017-07-04,6400.0,0.0,32987.96000000001
2017-07-10,6590.0,0.0,33177.96000000001
2017-07-11,6400.0,0.0,32987.96000000001
2017-07-12,6500.0,0.0,33087.96000000001
2017-07-13,6400.0,0.0,32987.96000000001
2017-07-17,6592.0,0.0,33179.96000000001
2017-07-18,6900.0,0.0,33487.96000000001
2017-07-19,7111.0,0.0,33698.96000000001
2017-07-20,6904.0,0.0,33491.96000000001
2017-07-23,6904.0,0.0,33491.96000000001
2017-07-25,6906.15,0.0,33494.11
2017-08-07,6906.15,0.0,33494.11
2017-08-09,6950.0,0.0,33537.96000000001
2017-08-15,6900.0,0.0,33487.96000000001
2017-08-16,6900.0,0.0,33487.96000000001
2017-08-21,7000.0,0.0,33587.96000000001
2017-08-24,7600.0,0.0,34187.96000000001
2017-08-27,7500.0,0.0,34087.96000000001
2017-08-28,7500.0,0.0,34087.96000000001
2017-08-30,7300.0,0.0,33887.96000000001
2017-09-04,7150.0,0.0,33737.96000000001
2017-09-05,7158.5,0.0,33746.46000000001
2017-09-06,7107.0,0.0,33694.96000000001
2017-09-07,7107.0,0.0,33694.96000000001
2017-09-10,7313.0,0.0,33900.96000000001
2017-09-12,7313.0,0.0,33900.96000000001
2017-09-13,7725.0,0.0,34312.96000000001
2017-09-17,7500.0,0.0,34087.96000000001
2017-09-18,7300.0,0.0,33887.96000000001
2017-09-21,7301.0,0.0,33888.96000000001
2017-09-28,7301.0,0.0,33888.96000000001
2017-10-03,7350.0,0.0,33937.96000000001
2017-10-04,7300.12,0.0,33888.08
2017-10-08,7300.0,0.0,33887.96000000001
2017-10-09,7499.0,0.0,34086.96000000001
2017-10-10,7500.0,0.0,34087.96000000001
2017-10-16,7519.0,0.0,34106.96000000001
2017-10-18,7500.0,0.0,34087.96000000001
2017-10-26,7600.0,0.0,34187.96000000001
2017-10-29,7725.0,0.0,34312.96000000001
2017-10-30,8200.0,0.0,34787.96000000001
2017-10-31,9029.0,0.0,35616.96000000001
2017-11-01,8641.69,0.0,35229.65
2017-11-05,8390.0,0.0,34977.96000000001
2017-11-07,8390.0,0.0,34977.96000000001
2017-11-08,8390.0,0.0,34977.96000000001
2017-11-12,8390.0,300.0,35277.96000000001
2017-11-13,8390.0,0.0,35277.96000000001
2017-11-15,8500.0,0.0,35387.96000000001
2017-11-16,8858.0,0.0,35745.96000000001
2017-11-19,8600.0,0.0,35487.96000000001
2017-11-20,8703.5,0.0,35591.46000000001
2017-11-21,8961.0,0.0,35848.96000000001
2017-11-22,8961.0,0.0,35848.96000000001
2017-11-23,8700.0,0.0,35587.96000000001
2017-11-26,8700.0,0.0,35587.96000000001
2017-11-27,8961.0,0.0,35848.96000000001
2017-11-28,8755.0,0.0,35642.96000000001
2017-11-29,8755.0,0.0,35642.96000000001
2017-12-03,8550.0,0.0,35437.96000000001
2017-12-04,8652.0,0.0,35539.96000000001
2017-12-05,8806.5,0.0,35694.46000000001
2017-12-06,8550.0,0.0,35437.96000000001
2017-12-07,8549.0,0.0,35436.96000000001
2017-12-09,8549.0,0.0,35436.96000000001
2017-12-13,8300.0,0.0,35187.96000000001
2017-12-14,8300.0,0.0,35187.96000000001
2017-12-24,8320.0,0.0,35207.96000000001
2017-12-25,8500.0,0.0,35387.96000000001
2017-12-26,8320.0,0.0,35207.96000000001
2017-12-27,8499.9,0.0,35387.86
2017-12-28,8499.9,0.0,35387.86
2018-01-02,8499.9,0.0,35387.86
2018-01-04,8498.99,0.0,35386.950000000004
2018-01-07,8320.0,0.0,35207.96000000001
2018-01-09,8660.0,0.0,35547.96000000001
2018-01-10,8651.0,0.0,35538.96000000001
2018-01-11,9475.0,0.0,36362.96000000001
2018-01-14,10250.0,0.0,37137.96000000001
2018-01-15,11110.0,0.0,37997.96000000001
2018-01-16,11200.0,0.0,38087.96000000001
2018-01-17,10873.79,0.0,37761.75
2018-01-18,10776.7,0.0,37664.66
2018-01-22,10800.0,0.0,37687.96000000001
2018-01-23,10043.0,0.0,36930.96000000001
2018-01-24,9619.17,0.0,36507.130000000005
2018-01-25,10299.99,0.0,37187.950000000004
2018-01-27,10299.99,0.0,37187.950000000004
2018-01-28,10050.0,0.0,36937.96000000001
2018-01-29,10093.99,0.0,36981.950000000004
2018-01-30,9950.0,0.0,36837.96000000001
2018-01-31,9950.0,0.0,36837.96000000001
2018-02-05,9836.5,0.0,36724.46000000001
2018-02-06,9550.0,0.0,36437.96000000001
2018-02-07,10050.0,0.0,36937.96000000001
2018-02-13,9811.0,0.0,36698.96000000001
2018-02-19,9800.0,0.0,36687.96000000001
2018-02-20,9701.0,0.0,36588.96000000001
2018-02-22,9785.0,0.0,36672.96000000001
2018-02-25,9733.5,0.0,36621.46000000001
2018-02-26,9550.0,0.0,36437.96000000001
2018-02-27,9800.0,0.0,36687.96000000001
2018-03-04,9836.5,0.0,36724.46000000001
2018-03-05,9550.0,0.0,36437.96000000001
2018-03-06,9836.5,0.0,36724.46000000001
2018-03-11,10094.0,0.0,36981.96000000001
2018-03-12,9950.0,0.0,36837.96000000001
2018-03-13,9820.0,0.0,36707.96000000001
2018-03-15,10150.0,0.0,37037.96000000001
2018-03-18,10351.5,0.0,37239.46000000001
2018-03-19,10350.0,0.0,37237.96000000001
2018-03-26,10350.01,0.0,37237.97
2018-03-28,10350.0,0.0,37237.96000000001
2018-03-29,10665.0,0.0,37552.96000000001
2018-03-31,10665.0,0.0,37552.96000000001
2018-04-01,10970.0,0.0,37857.96000000001
2018-04-02,11329.99,0.0,38217.950000000004
2018-04-03,11330.0,0.0,38217.96000000001
2018-04-04,11000.0,0.0,37887.96000000001
2018-04-05,11330.0,0.0,38217.96000000001
2018-04-08,12000.0,0.0,38887.96000000001
2018-04-09,11850.0,0.0,38737.96000000001
2018-04-11,11550.0,0.0,38437.96000000001
2018-04-15,11587.5,0.0,38475.46000000001
2018-04-17,11501.0,0.0,38388.96000000001
2018-04-22,12000.0,0.0,38887.96000000001
2018-04-23,12205.49,0.0,39093.450000000004
2018-04-24,12200.0,0.0,39087.96000000001
2018-04-25,11800.0,0.0,38687.96000000001
2018-04-26,11300.0,0.0,38187.96000000001
2018-04-27,10700.0,0.0,37587.96000000001
2018-05-02,11600.0,0.0,38487.96000000001
2018-05-03,11400.0,0.0,38287.96000000001
2018-05-10,12102.0,0.0,38989.96000000001
2018-05-15,12102.5,0.0,38990.46000000001
2018-05-16,12200.0,0.0,39087.96000000001
2018-05-20,12000.0,0.0,38887.96000000001
2018-05-23,12153.0,0.0,39040.96000000001
2018-05-27,12154.0,0.0,39041.96000000001
2018-05-28,12350.0,0.0,39237.96000000001
2018-05-29,12500.0,0.0,39387.96000000001
2018-05-30,11910.0,0.0,38797.96000000001
2018-05-31,12257.0,0.0,39144.96000000001
2018-06-03,12700.0,0.0,39587.96000000001
2018-06-04,12700.0,0.0,39587.96000000001
2018-06-05,12900.0,0.0,39787.96000000001
2018-06-07,13596.0,0.0,40483.96000000001
2018-06-11,13595.0,0.0,40482.96000000001
2018-06-13,13303.0,0.0,40190.96000000001
2018-06-14,14000.0,0.0,40887.96000000001
2018-06-17,13596.1,0.0,40484.060000000005
2018-06-18,13999.99,0.0,40887.950000000004
2018-06-19,13999.0,0.0,40886.96000000001
2018-06-20,13647.5,0.0,40535.46000000001
2018-06-24,13998.0,0.0,40885.96000000001
2018-06-25,13600.0,0.0,40487.96000000001
2018-06-27,13998.98,0.0,40886.94
2018-07-02,13998.98,0.0,40886.94
2018-07-08,13605.01,0.0,40492.97
2018-07-10,13600.0,0.0,40487.96000000001
2018-07-11,13950.0,0.0,40837.96000000001
2018-07-15,13600.0,0.0,40487.96000000001
2018-07-16,14008.0,0.0,40895.96000000001
2018-07-18,14007.98,0.0,40895.94
2018-07-19,13600.0,0.0,40487.96000000001
2018-07-22,13801.99,0.0,40689.950000000004
2018-07-23,13700.0,0.0,40587.96000000001
2018-07-26,13700.0,0.0,40587.96000000001
2018-07-29,13700.0,0.0,40587.96000000001
2018-07-31,13801.99,0.0,40689.950000000004
2018-08-02,13500.0,0.0,40387.96000000001
2018-08-06,13400.0,0.0,40287.96000000001
2018-08-07,13400.0,0.0,40287.96000000001
2018-08-08,13300.0,0.0,40187.96000000001
2018-08-19,13201.0,0.0,40088.96000000001
2018-08-21,13150.0,0.0,40037.96000000001
2018-08-26,13150.0,0.0,40037.96000000001
2018-09-02,13320.0,0.0,40207.96000000001
2018-09-03,13319.98,0.0,40207.94
2018-09-04,13325.0,0.0,40212.96000000001
2018-09-09,13000.0,0.0,39887.96000000001
2018-09-10,12850.0,0.0,39737.96000000001
2018-09-17,12850.0,0.0,39737.96000000001
2018-09-19,12850.0,0.0,39737.96000000001
2018-09-20,12850.0,0.0,39737.96000000001
2018-09-26,12850.0,0.0,39737.96000000001
2018-09-27,12850.0,0.0,39737.96000000001
2018-10-02,12875.0,0.0,39762.96000000001
2018-10-04,12874.99,0.0,39762.950000000004
2018-10-10,12501.0,0.0,39388.96000000001
2018-10-14,12669.0,0.0,39556.96000000001
2018-10-15,12300.0,0.0,39187.96000000001
2018-10-16,12300.0,0.0,39187.96000000001
2018-10-17,12600.0,0.0,39487.96000000001
2018-10-18,12600.0,0.0,39487.96000000001
2018-10-21,12500.0,0.0,39387.96000000001
2018-10-30,12320.0,0.0,39207.96000000001
2018-11-01,12300.0,0.0,39187.96000000001
2018-11-04,12000.0,0.0,38887.96000000001
2018-11-05,11900.0,0.0,38787.96000000001
2018-11-07,12000.0,0.0,38887.96000000001
2018-11-08,11800.0,0.0,38687.96000000001
2018-11-12,11800.0,0.0,38687.96000000001
2018-11-13,11800.0,0.0,38687.96000000001
2018-11-20,12000.0,0.0,38887.96000000001
2018-11-22,12154.0,0.0,39041.96000000001
2018-11-26,12102.5,0.0,38990.46000000001
2018-12-05,12100.0,0.0,38987.96000000001
2018-12-11,12555.69,0.0,39443.65
2018-12-12,12951.01,0.0,39838.97
2018-12-13,13490.94,0.0,40378.9
2018-12-19,13110.0,0.0,39997.96000000001
2018-12-23,12800.01,300.0,39987.97
2018-12-24,12800.0,0.0,39987.96000000001
2019-01-09,12875.0,0.0,40062.96000000001
2019-01-13,12500.0,0.0,39687.96000000001
2019-01-14,12566.0,0.0,39753.96000000001
2019-01-20,12200.0,0.0,39387.96000000001
2019-01-21,12200.0,0.0,39387.96000000001
2019-01-22,12360.0,0.0,39547.96000000001
2019-01-23,12000.0,0.0,39187.96000000001
2019-01-27,12000.0,0.0,39187.96000000001
2019-01-28,12000.0,0.0,39187.96000000001
2019-01-29,11800.01,0.0,38987.97
2019-01-30,11800.0,0.0,38987.96000000001
2019-01-31,11639.0,0.0,38826.96000000001
2019-02-03,11536.0,0.0,38723.96000000001
2019-02-05,11536.0,0.0,38723.96000000001
2019-02-11,11850.06,0.0,39038.020000000004
2019-02-13,11880.3,0.0,39068.26
2019-02-14,11800.0,0.0,38987.96000000001
2019-02-19,12000.0,0.0,39187.96000000001
2019-02-24,11805.0,0.0,38992.96000000001
2019-02-25,12000.0,0.0,39187.96000000001
2019-02-26,11601.0,0.0,38788.96000000001
2019-02-28,11940.0,0.0,39127.96000000001
2019-03-03,11600.0,0.0,38787.96000000001
2019-03-10,11601.0,0.0,38788.96000000001
2019-03-11,11600.0,0.0,38787.96000000001
2019-03-13,11300.0,0.0,38487.96000000001
2019-03-25,11400.0,0.0,38587.96000000001
2019-03-28,11900.0,0.0,39087.96000000001
2019-03-31,11800.0,0.0,38987.96000000001
2019-04-01,11845.0,0.0,39032.96000000001
2019-04-02,12450.0,0.0,39637.96000000001
2019-04-03,12700.0,0.0,39887.96000000001
2019-04-08,12700.0,0.0,39887.96000000001
2019-04-09,13081.0,0.0,40268.96000000001
2019-04-10,13183.98,0.0,40371.94
2019-04-15,12600.0,0.0,39787.96000000001
2019-04-16,12600.01,0.0,39787.97
2019-04-18,12300.0,0.0,39487.96000000001
2019-04-21,12669.0,0.0,39856.96000000001
2019-04-22,12875.0,0.0,40062.96000000001
2019-04-24,12500.0,0.0,39687.96000000001
2019-04-29,12875.0,0.0,40062.96000000001
2019-05-01,12800.0,0.0,39987.96000000001
2019-05-02,12360.0,0.0,39547.96000000001
2019-05-03,12360.0,0.0,39547.96000000001
2019-05-05,12669.0,0.0,39856.96000000001
2019-05-07,12669.0,0.0,39856.96000000001
2019-05-19,13186.0,0.0,40373.96000000001
2019-05-21,13000.0,0.0,40187.96000000001
2019-05-22,12700.0,0.0,39887.96000000001
2019-05-26,13081.0,0.0,40268.96000000001
